location,date,total_cases,total_deaths,Death_Percentage
India,2020-05-06,49391,1694,3.429774655
India,2020-05-05,46433,1568,3.376908664
India,2020-05-07,52952,1783,3.367200483
India,2020-04-13,9152,308,3.365384615
India,2020-06-17,354065,11903,3.361812097
India,2020-05-10,62939,2109,3.350863535
India,2020-05-08,56342,1886,3.347414007
India,2020-04-16,12380,414,3.344103393
India,2020-04-18,14378,480,3.338433718
India,2020-06-18,366946,12237,3.334823107
India,2020-05-09,59662,1981,3.320371426
India,2020-06-19,380532,12573,3.304058529
India,2020-04-15,11439,377,3.295742635
India,2020-05-11,67152,2206,3.285084584
India,2020-06-20,395048,12948,3.277576396
India,2020-05-01,35043,1147,3.273121593
India,2020-04-14,10363,339,3.271253498
India,2020-05-14,78003,2549,3.267823032
India,2020-04-12,8356,273,3.267113451
India,2020-04-17,13387,437,3.264360947
India,2020-05-02,37336,1218,3.262266981
India,2020-05-03,39980,1301,3.254127064
India,2020-05-13,74281,2415,3.251167863
India,2020-04-30,33050,1074,3.249621785
India,2020-05-12,70756,2293,3.240714568
India,2020-05-15,81970,2649,3.231670123
India,2020-06-21,410461,13254,3.229052212
India,2020-05-04,42533,1373,3.228081725
India,2020-04-19,15712,507,3.226832994
India,2020-06-22,425282,13699,3.221156785
India,2020-04-29,31332,1007,3.213966552
India,2020-04-11,7447,239,3.209346045
India,2020-04-22,19984,640,3.20256205
India,2020-05-16,85940,2752,3.202234117
India,2020-04-23,21393,681,3.183284252
India,2020-06-23,440215,14011,3.182762968
India,2020-06-24,456183,14476,3.173287913
India,2020-04-28,29435,934,3.173093256
India,2020-04-21,18601,590,3.17187248
India,2020-04-25,24506,775,3.162490819
India,2020-05-17,90927,2872,3.15857776
India,2020-05-18,96169,3029,3.149663613
India,2020-06-25,473105,14894,3.148138363
India,2020-04-20,17265,543,3.145091225
India,2020-05-19,101139,3163,3.127379151
India,2020-04-27,27892,872,3.126344472
India,2020-06-26,490401,15301,3.120099674
India,2020-04-24,23077,718,3.111322962
India,2020-04-26,26496,824,3.109903382
India,2020-04-10,6412,199,3.103555833
India,2020-05-20,106750,3303,3.094145199
India,2020-06-27,508953,15685,3.081816985
India,2020-05-21,112359,3435,3.05716498
India,2020-06-28,528859,16095,3.043344256
India,2020-05-22,118447,3583,3.024981637
India,2020-06-29,548318,16475,3.004643291
India,2020-06-30,566840,16893,2.980206055
India,2020-05-23,125101,3720,2.973597333
India,2020-07-01,585493,17400,2.971854488
India,2020-07-02,604641,17834,2.949518805
India,2020-05-24,131868,3867,2.932477932
India,2020-07-03,625544,18213,2.911545791
India,2020-05-25,138845,4021,2.896035147
India,2020-06-16,343091,9900,2.885531827
India,2020-04-09,5865,169,2.881500426
India,2020-07-04,648315,18655,2.87745926
India,2020-06-13,308993,8884,2.875146039
India,2020-05-26,145380,4167,2.866281469
India,2020-06-14,320922,9195,2.865182194
India,2020-06-15,332424,9520,2.86381248
India,2020-07-05,673165,19268,2.862299733
India,2020-05-28,158333,4531,2.861690235
India,2020-05-30,173763,4971,2.860793149
India,2020-05-27,151767,4337,2.857669981
India,2020-06-12,297535,8498,2.856134572
India,2020-05-29,165799,4706,2.838376589
India,2020-05-31,182143,5164,2.835135031
India,2020-06-01,190535,5394,2.830975936
India,2020-06-11,286579,8102,2.82714365
India,2020-04-08,5274,149,2.825180129
India,2020-07-06,697413,19693,2.823721382
India,2020-06-02,198706,5598,2.817227462
India,2020-06-07,246628,6929,2.809494461
India,2020-06-06,236657,6642,2.806593509
India,2020-06-08,256611,7200,2.805803337
India,2020-06-09,266598,7471,2.802346604
India,2020-07-07,719665,20160,2.801303384
India,2020-06-03,207615,5815,2.800857356
India,2020-06-04,216919,6075,2.80058455
India,2020-06-10,276583,7745,2.800244411
India,2020-06-05,226770,6348,2.799312078
India,2020-07-08,742417,20642,2.780378143
India,2020-07-09,767296,21129,2.753696096
India,2020-07-10,793802,21604,2.721585484
India,2020-03-30,1071,29,2.707749767
India,2020-07-11,820916,22123,2.69491641
India,2020-04-06,4067,109,2.680108188
India,2020-07-12,849553,22674,2.668932957
India,2020-07-13,878254,23174,2.638644401
India,2020-07-14,906752,23727,2.616702252
India,2020-07-15,936181,24309,2.596613262
India,2020-04-07,4421,114,2.578602126
India,2020-07-16,968876,24915,2.571536502
India,2020-03-31,1251,32,2.557953637
India,2020-03-29,979,25,2.553626149
India,2020-07-17,1003832,25602,2.550426765
India,2020-04-02,1965,50,2.544529262
India,2020-07-18,1038716,26273,2.529372803
India,2020-07-19,1077618,26816,2.488451381
India,2020-07-20,1118043,27497,2.459386625
India,2020-04-03,2301,56,2.433724468
India,2020-07-21,1155191,28084,2.431113123
India,2020-07-23,1238635,29861,2.410798984
India,2020-07-22,1192915,28732,2.408553837
India,2020-03-14,84,2,2.380952381
India,2020-07-24,1287945,30601,2.375955495
India,2020-03-27,724,17,2.348066298
India,2020-07-25,1336861,31358,2.345644012
India,2020-04-04,2902,68,2.343211578
India,2020-04-01,1637,38,2.321319487
India,2020-07-26,1385522,32063,2.31414586
India,2020-03-19,173,4,2.312138728
India,2020-07-27,1435453,32771,2.282972692
India,2020-04-05,3374,77,2.282157676
India,2020-07-28,1483156,33425,2.25364021
India,2020-07-29,1531669,34193,2.232401387
India,2020-07-30,1583792,34968,2.207865679
India,2020-03-17,137,3,2.189781022
India,2020-07-31,1638870,35747,2.181198021
India,2020-08-01,1695988,36511,2.152786458
India,2020-08-02,1750723,37364,2.134203983
India,2020-08-03,1803695,38135,2.114270983
India,2020-08-04,1855745,38938,2.098240868
India,2020-03-28,909,19,2.090209021
India,2020-08-05,1908254,39795,2.085414206
India,2020-03-23,434,9,2.073732719
India,2020-08-06,1964536,40699,2.071685121
India,2020-08-07,2027074,41585,2.051479127
India,2020-08-08,2088611,42518,2.035706984
India,2020-08-09,2153010,43379,2.014807177
India,2020-08-10,2215074,44386,2.003815674
India,2020-03-26,649,13,2.003081664
India,2020-08-11,2268675,45257,1.994864844
India,2020-03-18,151,3,1.986754967
India,2020-08-12,2329638,46091,1.97846189
India,2020-08-13,2396637,47033,1.962458228
India,2020-08-14,2461190,48040,1.951901316
India,2020-03-22,360,7,1.944444444
India,2020-08-15,2526192,49036,1.941103447
India,2020-08-16,2589682,49980,1.929966691
India,2020-08-17,2647663,50921,1.923243253
India,2020-08-18,2702742,51797,1.916461135
India,2020-08-19,2767273,52889,1.911231743
India,2020-08-20,2836925,53866,1.898746001
India,2020-08-21,2905823,54849,1.887554748
India,2020-08-22,2975701,55794,1.874986768
India,2020-03-15,107,2,1.869158879
India,2020-08-23,3044940,56706,1.862302705
India,2020-08-24,3106348,57542,1.852400311
India,2020-08-25,3167323,58390,1.843512645
India,2020-08-26,3234474,59449,1.837980457
India,2020-08-27,3310234,60472,1.826819494
India,2020-08-28,3387500,61529,1.816354244
India,2020-08-29,3463972,62550,1.805730531
India,2020-03-20,223,4,1.793721973
India,2020-08-30,3542733,63498,1.792345062
India,2020-08-31,3621245,64469,1.780299317
India,2020-09-01,3691166,65288,1.768763583
India,2020-09-02,3769523,66333,1.75971867
India,2020-03-16,114,2,1.754385965
India,2020-09-03,3853406,67376,1.748479138
India,2020-09-04,3936747,68472,1.73930405
India,2020-03-24,519,9,1.734104046
India,2020-09-05,4023179,69561,1.729005843
India,2020-09-06,4113811,70626,1.716802255
India,2020-09-07,4204613,71642,1.703890465
India,2020-09-08,4280422,72775,1.700182832
India,2020-09-09,4370128,73890,1.690797157
India,2020-09-10,4465863,75062,1.680794955
India,2020-09-11,4562414,76271,1.671724662
India,2020-09-12,4659984,77472,1.662494979
India,2020-09-13,4754356,78586,1.652926285
India,2020-03-25,606,10,1.650165017
India,2020-09-14,4846427,79722,1.644964424
India,2020-09-15,4930236,80776,1.638379988
India,2020-09-16,5020359,82066,1.634663975
India,2020-09-17,5118253,83198,1.625515581
India,2020-09-18,5214677,84372,1.617971736
India,2020-09-19,5308014,85619,1.613013832
India,2020-09-20,5400619,86752,1.606334385
India,2020-09-21,5487580,87882,1.601470958
India,2020-09-22,5562663,88935,1.598784611
India,2020-09-23,5646010,90020,1.594400293
India,2020-09-24,5732518,91149,1.590034257
India,2020-09-25,5818570,92290,1.58612855
India,2020-09-26,5903932,93379,1.581640845
India,2020-09-27,5992532,94503,1.577012855
India,2020-09-28,6074702,95542,1.57278497
India,2020-09-29,6145291,96318,1.567346445
India,2020-09-30,6225763,97497,1.566024919
India,2020-10-01,6312584,98678,1.56319504
India,2020-10-02,6394068,99773,1.56039942
India,2020-10-03,6473544,100842,1.55775569
India,2020-10-04,6549373,101782,1.554072428
India,2020-10-05,6623815,102685,1.550239552
India,2020-10-06,6685082,103569,1.549255492
India,2020-10-07,6757131,104555,1.547328297
India,2020-10-08,6835655,105526,1.543758425
India,2020-10-09,6906151,106490,1.541958755
India,2020-10-10,6979423,107416,1.539038399
India,2020-10-11,7053806,108334,1.535823356
India,2020-10-12,7120538,109150,1.53288979
India,2020-10-13,7175880,109856,1.530906314
India,2020-10-14,7239389,110586,1.527559853
India,2020-10-15,7307097,111266,1.522711413
India,2020-10-16,7370468,112161,1.521762254
India,2020-10-18,7494551,114031,1.521518767
India,2020-10-17,7432680,112998,1.520286088
India,2020-10-19,7550273,114610,1.517958357
India,2020-10-20,7597063,115197,1.516335984
India,2020-10-21,7651107,115914,1.514996457
India,2020-10-22,7706946,116616,1.513128547
India,2020-10-23,7761312,117306,1.511419719
India,2020-10-24,7814682,117956,1.509415226
India,2020-10-25,7864811,118534,1.507143655
India,2020-10-26,7909959,119014,1.504609569
India,2020-10-27,7946429,119502,1.503845312
India,2020-10-28,7990322,120010,1.501941974
India,2020-10-29,8040203,120527,1.499054191
India,2020-10-30,8088851,121090,1.49699877
India,2020-10-31,8137119,121641,1.494890268
India,2020-11-01,8184082,122111,1.492054943
India,2020-11-02,8229313,122607,1.489881355
India,2020-11-03,8267623,123097,1.488904368
India,2020-11-04,8313876,123611,1.486803508
India,2020-11-05,8364086,124315,1.486295095
India,2020-11-06,8411724,124985,1.485842855
India,2020-11-07,8462080,125562,1.483819581
India,2020-11-08,8507754,126121,1.482424151
India,2020-11-09,8553657,126611,1.4801973
India,2020-11-10,8591730,127059,1.478852338
India,2020-11-11,8636011,127571,1.477198211
India,2020-11-12,8683916,128121,1.475382765
India,2020-11-13,8728795,128668,1.474063717
India,2020-11-14,8773479,129188,1.472483151
India,2020-11-17,8874290,130519,1.47075428
India,2020-11-15,8814579,129635,1.470688504
India,2020-11-16,8845127,130070,1.470527218
India,2020-11-18,8912907,130993,1.469700065
India,2020-11-19,8958483,131578,1.468753136
India,2020-11-20,9004365,132162,1.467754806
India,2020-11-21,9050597,132726,1.466488896
India,2020-11-22,9095806,133227,1.46470802
India,2020-11-23,9139865,133738,1.463238243
India,2020-11-24,9177840,134218,1.462413814
India,2020-11-25,9222216,134699,1.460592552
India,2020-11-26,9266705,135223,1.459234971
India,2020-11-27,9309787,135715,1.457766971
India,2020-11-28,9351109,136200,1.456511736
India,2020-11-29,9392919,136696,1.455309047
India,2020-12-01,9462809,137621,1.4543356
India,2020-12-04,9571559,139188,1.454183169
India,2020-12-03,9534964,138648,1.454100928
India,2020-11-30,9431691,137139,1.454023462
India,2020-12-02,9499413,138122,1.454005632
India,2020-12-05,9608211,139700,1.453964739
India,2020-12-06,9644222,140182,1.453533525
India,2020-12-07,9677203,140573,1.452620142
India,2020-12-08,9703770,140958,1.452610686
India,2020-12-09,9735850,141360,1.451953348
India,2020-12-10,9767371,141772,1.451485768
India,2020-12-12,9826775,142628,1.451422262
India,2020-12-11,9796769,142186,1.451356054
India,2020-12-13,9857029,143019,1.450934151
India,2020-12-18,9979447,144789,1.450871977
India,2020-12-17,9956557,144451,1.450812766
India,2020-12-16,9932547,144096,1.450745715
India,2020-12-15,9906165,143709,1.450702668
India,2020-12-19,10004599,145136,1.450692826
India,2020-12-14,9884100,143355,1.450359669
India,2020-12-20,10031223,145477,1.45024191
India,2020-12-22,10075116,146111,1.450216553
India,2020-12-23,10099066,146444,1.45007469
India,2020-12-21,10055560,145810,1.450043558
India,2020-12-25,10146845,147092,1.449632866
India,2020-12-24,10123778,146756,1.449616932
India,2020-12-29,10224303,148153,1.44902787
India,2020-12-27,10187850,147622,1.449000525
India,2020-12-26,10169118,147343,1.448926052
India,2020-12-30,10244852,148439,1.448913074
India,2020-12-28,10207871,147901,1.448891742
India,2020-12-31,10266674,148738,1.448745718
India,2021-01-01,10286709,148994,1.448412704
India,2021-01-02,10305788,149218,1.447904808
India,2021-01-03,10323965,149435,1.447457445
India,2021-01-04,10340469,149649,1.447216756
India,2021-01-06,10374932,150114,1.446891411
India,2021-01-05,10356844,149850,1.446869336
India,2021-01-07,10395278,150336,1.44619509
India,2021-01-08,10413417,150570,1.445923082
India,2021-01-09,10431639,150798,1.445583
India,2021-01-10,10450284,150999,1.444927238
India,2021-01-11,10466595,151160,1.44421371
India,2021-01-12,10479179,151327,1.444073052
India,2021-01-13,10495147,151529,1.443800644
India,2021-01-14,10512093,151727,1.443356713
India,2021-01-15,10527683,151918,1.443033572
India,2021-01-16,10542841,152093,1.44261874
India,2021-01-17,10557985,152274,1.442263841
India,2021-01-18,10571773,152419,1.441754377
India,2021-01-19,10581837,152556,1.441677849
India,2021-01-20,10595660,152718,1.441325977
India,2021-01-21,10610883,152869,1.440681233
India,2021-01-22,10625428,153032,1.44024316
India,2021-01-23,10639684,153184,1.439742007
India,2021-01-24,10654533,153339,1.439190249
India,2021-01-25,10667736,153470,1.438637027
India,2021-01-26,10676838,153587,1.438506419
India,2021-01-27,10689527,153724,1.438080469
India,2021-01-28,10701193,153847,1.437662137
India,2021-01-29,10720048,154010,1.436654015
India,2021-01-30,10733131,154147,1.436179247
India,2021-01-31,10746183,154274,1.435616721
India,2021-02-01,10757610,154392,1.435188671
India,2021-02-02,10766245,154486,1.434910686
India,2021-02-03,10777284,154596,1.434461595
India,2021-02-04,10790183,154703,1.433738427
India,2021-02-05,10802591,154823,1.43320246
India,2021-02-06,10814304,154918,1.432528621
India,2021-02-07,10826363,154996,1.431653456
India,2021-02-08,10838194,155080,1.430865696
India,2021-02-09,10847304,155158,1.43038307
India,2021-02-10,10858371,155252,1.429790896
India,2021-02-11,10871294,155360,1.429084707
India,2021-02-12,10880603,155447,1.428661628
India,2021-02-13,10892746,155550,1.42801457
India,2021-02-14,10904940,155642,1.427261406
India,2021-02-15,10916589,155732,1.426562821
India,2021-02-16,10925710,155813,1.426113269
India,2021-02-17,10937320,155913,1.425513746
India,2021-02-18,10950201,156014,1.424759235
India,2021-02-19,10963394,156111,1.423929488
India,2021-02-20,10977387,156212,1.423034462
India,2021-02-21,10991651,156302,1.422006576
India,2021-02-22,11005850,156385,1.420926144
India,2021-02-23,11016434,156463,1.420269027
India,2021-02-24,11030176,156567,1.419442446
India,2021-02-25,11046914,156705,1.418540961
India,2021-02-26,11063491,156825,1.417500136
India,2021-02-27,11079979,156938,1.416410627
India,2021-02-28,11096731,157051,1.415290683
India,2021-03-01,11112241,157157,1.414269183
India,2021-03-02,11124527,157248,1.413525267
India,2020-03-21,283,4,1.413427562
India,2021-03-03,11139516,157346,1.412503021
India,2021-03-04,11156923,157435,1.411096949
India,2021-03-05,11173761,157548,1.409981832
India,2021-03-06,11192088,157656,1.408637959
India,2021-03-07,11210799,157756,1.407178917
India,2021-03-08,11229398,157853,1.405712043
India,2021-03-09,11244786,157930,1.404473149
India,2021-03-10,11262707,158063,1.403419267
India,2021-03-11,11285561,158189,1.401693722
India,2021-03-12,11308846,158306,1.399842212
India,2021-03-13,11333728,158446,1.398004258
India,2021-03-14,11359048,158607,1.396305395
India,2021-03-15,11385339,158725,1.39411747
India,2021-03-16,11409831,158856,1.392273032
India,2021-03-17,11438734,159044,1.390398623
India,2021-03-18,11474605,159216,1.387551031
India,2021-03-19,11514331,159370,1.384101256
India,2022-01-01,34861579,481486,1.381136523
India,2021-12-30,34822040,480860,1.380907035
India,2021-12-31,34838804,481080,1.380874039
India,2022-01-02,34889132,481770,1.380859805
India,2021-03-20,11555284,159558,1.380822834
India,2021-12-29,34808886,480592,1.38065895
India,2021-12-28,34799691,480290,1.380155933
India,2022-01-03,34922882,481893,1.379877526
India,2021-12-27,34793333,479997,1.379566022
India,2021-12-26,34786802,479682,1.378919511
India,2022-01-04,34960261,482017,1.378756869
India,2021-12-25,34779815,479520,1.378730738
India,2022-01-05,35018358,482551,1.377994365
India,2021-12-24,34772626,479133,1.377902837
India,2021-03-21,11599130,159755,1.377301573
India,2021-12-23,34765976,478759,1.377090636
India,2021-12-22,34758481,478325,1.376138963
India,2021-12-21,34752164,478007,1.375474057
India,2022-01-06,35109286,482876,1.375351239
India,2021-12-20,34746838,477554,1.374381174
India,2021-12-19,34740275,477422,1.374260854
India,2021-12-18,34733194,477158,1.373780943
India,2021-03-22,11646081,159967,1.373569358
India,2021-12-17,34726049,476869,1.373231375
India,2021-12-16,34718602,476478,1.37239973
India,2021-12-15,34710628,476135,1.371726838
India,2022-01-07,35226386,483178,1.371636591
India,2021-12-14,34703644,475888,1.371291153
India,2021-12-13,34697860,475636,1.370793473
India,2021-12-12,34690510,475434,1.370501616
India,2021-03-23,11686796,160166,1.37048683
India,2021-12-11,34682736,475128,1.369926525
India,2021-12-10,34674744,474735,1.369108882
India,2021-12-09,34666241,474111,1.367644678
India,2021-12-08,34656822,473952,1.367557591
India,2021-12-07,34648383,473757,1.367327878
India,2021-03-24,11734058,160441,1.367310439
India,2021-12-06,34641561,473537,1.366962072
India,2022-01-08,35368372,483463,1.366935973
India,2021-12-05,34633255,473326,1.366680666
India,2021-03-25,11787534,160692,1.363236789
India,2022-01-09,35528004,483790,1.361714551
India,2021-12-04,34624360,470530,1.358956527
India,2021-03-26,11846652,160949,1.358603258
India,2021-12-03,34615757,470115,1.35809539
India,2021-12-02,34606541,469724,1.357327217
India,2021-12-01,34596776,469247,1.356331584
India,2021-11-30,34587822,468980,1.35591076
India,2021-11-29,34580832,468790,1.355635399
India,2021-11-28,34572523,468554,1.355278584
India,2022-01-10,35707727,483936,1.355269687
India,2021-03-27,11908910,161240,1.353944232
India,2021-11-27,34563749,467933,1.353825941
India,2021-11-26,34555431,467468,1.352806162
India,2021-11-25,34544882,466980,1.351806615
India,2021-11-24,34535763,466584,1.351016915
India,2021-11-23,34526480,466147,1.350114463
India,2021-11-22,34518901,465911,1.349727212
India,2022-01-11,35875790,484213,1.349692927
India,2021-03-28,11971624,161552,1.349457684
India,2021-11-21,34510413,465662,1.349337662
India,2021-11-20,34499925,465349,1.348840613
India,2021-11-19,34489623,465082,1.348469364
India,2021-11-18,34478517,464623,1.347572461
India,2021-11-17,34466598,464153,1.34667483
India,2021-11-16,34456401,463852,1.346199796
India,2021-11-14,34437307,463530,1.346011173
India,2021-11-15,34447536,463655,1.345974354
India,2021-11-13,34426036,463245,1.345623992
India,2021-11-12,34414186,462690,1.34447463
India,2021-03-29,12039644,161843,1.34425071
India,2022-01-12,36070510,484655,1.343632236
India,2021-11-11,34401670,462189,1.343507452
India,2021-11-10,34388579,461849,1.343030196
India,2021-11-09,34377113,461389,1.342140045
India,2021-11-08,34366987,461057,1.341569454
India,2021-11-07,34355536,460791,1.341242355
India,2021-07-29,31528114,422662,1.340587642
India,2021-07-21,31216337,418480,1.340580094
India,2021-07-31,31613993,423810,1.340577256
India,2021-07-25,31371901,420551,1.340534002
India,2021-07-24,31332159,420016,1.340526837
India,2021-08-01,31655824,424351,1.340514782
India,2021-07-30,31572344,423217,1.340467467
India,2021-07-23,31293062,419470,1.340456872
India,2021-07-22,31257720,418987,1.340427261
India,2021-07-28,31484605,422022,1.340407479
India,2021-08-25,32512366,435758,1.340283878
India,2021-08-26,32558530,436365,1.340247855
India,2021-03-30,12095855,162114,1.340244241
India,2021-07-27,31440951,421382,1.340232997
India,2021-08-03,31726507,425195,1.340188505
India,2021-07-26,31411262,420967,1.340178564
India,2021-08-04,31769132,425757,1.340159372
India,2021-08-02,31695958,424773,1.340148798
India,2021-11-06,34344683,460265,1.340134658
India,2021-08-05,31812114,426290,1.340024118
India,2021-08-20,32358829,433589,1.33994033
India,2021-08-27,32603188,436861,1.339933383
India,2021-08-07,31895385,427371,1.33991485
India,2021-08-24,32474773,435110,1.339840004
India,2021-08-08,31934455,427862,1.339813064
India,2021-08-23,32449306,434756,1.339800611
India,2021-08-19,32322258,433049,1.339785729
India,2021-08-17,32250679,432079,1.339751637
India,2021-08-09,31969954,428309,1.339723542
India,2021-08-10,31998158,428682,1.339708367
India,2021-08-21,32393286,433964,1.339672672
India,2021-08-11,32036511,429179,1.33965587
India,2021-08-18,32285857,432519,1.339654698
India,2021-08-22,32424234,434367,1.33963689
India,2021-08-13,32117826,430254,1.339611218
India,2021-08-06,31856757,426754,1.339602772
India,2021-08-28,32649947,437370,1.339573384
India,2021-08-15,32192576,431225,1.339516912
India,2021-08-14,32156493,430732,1.339486865
India,2021-08-12,32077706,429669,1.33946299
India,2021-08-16,32225513,431642,1.339441827
India,2021-11-05,34333754,459873,1.339419511
India,2021-11-04,34321025,459652,1.339272356
India,2021-08-29,32695030,437830,1.339133195
India,2021-08-30,32737939,438210,1.338538752
India,2021-11-03,34308140,459191,1.338431638
India,2021-08-31,32768880,438560,1.338342964
India,2021-09-01,32810845,439020,1.338033202
India,2021-11-02,34296237,458880,1.337989354
India,2021-09-02,32857937,439529,1.337664626
India,2021-03-31,12149335,162468,1.337258377
India,2021-11-01,34285814,458437,1.337104028
India,2021-09-03,32903289,439895,1.336933217
India,2021-10-31,34273300,458186,1.336859888
India,2021-09-04,32945907,440225,1.336205435
India,2021-10-30,34260470,457740,1.336058729
India,2022-01-13,36317927,485035,1.335525015
India,2021-09-05,32988673,440533,1.335406853
India,2021-10-29,34246157,457191,1.335014028
India,2021-09-06,33027621,440752,1.334495149
India,2021-09-07,33058843,441042,1.334112026
India,2021-09-08,33096718,441411,1.333700218
India,2021-10-28,34231809,456386,1.333221975
India,2021-04-01,12221665,162927,1.333099868
India,2021-09-09,33139981,441749,1.332979038
India,2021-09-10,33174954,442009,1.332357537
India,2021-09-11,33208330,442317,1.33194593
India,2021-09-12,33236921,442655,1.331817108
India,2021-10-27,34215653,455653,1.331709203
India,2021-09-14,33289579,443213,1.331386618
India,2021-09-13,33264175,442874,1.33138429
India,2021-09-16,33347325,443928,1.331225218
India,2021-09-15,33316755,443497,1.331153049
India,2021-09-17,33381728,444248,1.330811874
India,2021-10-26,34202202,455068,1.33052252
India,2021-09-18,33417390,444529,1.330232553
India,2021-10-25,34189774,454712,1.329964919
India,2021-09-19,33448163,444838,1.329932529
India,2021-07-17,31064908,413091,1.329767337
India,2021-07-18,31106065,413609,1.329673168
India,2021-07-19,31144229,414108,1.329646016
India,2021-09-20,33478419,445133,1.329611772
India,2021-07-16,31026829,412531,1.329594462
India,2021-07-20,31174322,414482,1.329562195
India,2021-07-15,30987880,411989,1.329516572
India,2021-07-14,30946074,411408,1.329435197
India,2021-09-22,33531498,445768,1.329400792
India,2021-09-21,33504534,445385,1.329327547
India,2021-10-24,34175468,454269,1.329225396
India,2021-07-13,30907282,410784,1.329084842
India,2021-09-23,33563421,446050,1.328976566
India,2021-09-24,33594803,446368,1.328681701
India,2021-09-25,33624419,446658,1.328373882
India,2021-10-23,34159562,453708,1.328202042
India,2021-04-02,12303131,163396,1.328084696
India,2021-09-26,33652745,446918,1.328028367
India,2021-09-29,33716451,447751,1.32798971
India,2021-09-30,33739980,448062,1.327985375
India,2021-09-27,33678786,447194,1.327821021
India,2021-10-01,33766707,448339,1.327754584
India,2021-09-28,33697581,447373,1.327611617
India,2021-10-02,33791061,448573,1.327490131
India,2021-10-15,34037592,451814,1.327397073
India,2021-10-03,33813903,448817,1.32731498
India,2021-10-16,34053573,451980,1.327261606
India,2021-10-07,33894312,449856,1.327231543
India,2021-10-08,33915569,450127,1.327198727
India,2021-10-06,33871881,449538,1.327171644
India,2021-10-09,33935309,450375,1.327157504
India,2021-10-17,34067719,452124,1.327133173
India,2021-10-18,34081315,452290,1.327090812
India,2021-10-05,33853048,449260,1.327088775
India,2021-10-10,33953475,450589,1.327077714
India,2021-10-20,34108996,452651,1.327072189
India,2021-10-19,34094373,452454,1.32706356
India,2021-10-04,33834702,448997,1.327031046
India,2021-10-13,34001743,451189,1.326958444
India,2021-10-14,34020730,451435,1.326940956
India,2021-10-11,33971607,450782,1.326937522
India,2021-10-12,33985920,450963,1.326911262
India,2021-10-22,34143236,453042,1.326886532
India,2021-10-21,34127450,452811,1.326823422
India,2022-01-14,36582129,485350,1.326740715
India,2021-04-03,12392260,164110,1.324294358
India,2021-07-12,30874376,408764,1.323958742
India,2021-07-11,30837222,408040,1.323206092
India,2021-07-10,30795716,407145,1.32208324
India,2021-07-09,30752950,405939,1.320000195
India,2021-07-08,30709557,405028,1.318898869
India,2021-04-04,12485509,164623,1.318512525
India,2021-07-07,30663665,404211,1.318208375
India,2022-01-15,36850962,485752,1.318152834
India,2021-07-06,30619932,403281,1.317053872
India,2021-07-05,30585229,402728,1.316740182
India,2021-07-04,30545433,402005,1.316088726
India,2021-07-03,30502362,401050,1.31481621
India,2021-07-02,30458251,400312,1.314297397
India,2021-07-01,30411634,399459,1.313507193
India,2021-06-30,30362848,398454,1.312307726
India,2021-06-29,30316897,397637,1.31160191
India,2021-04-05,12589067,165101,1.311463351
India,2021-06-28,30279331,396730,1.310233704
India,2022-01-16,37122164,486066,1.30936871
India,2021-06-27,30233183,395751,1.308995484
India,2021-06-26,30183143,394493,1.30699775
India,2021-06-25,30134445,393310,1.305184151
India,2021-04-06,12686049,165547,1.304953181
India,2021-06-24,30082778,391981,1.303007987
India,2022-01-17,37380253,486451,1.301358233
India,2021-06-23,30028709,390660,1.300955029
India,2021-06-22,29977861,389302,1.29863168
India,2021-04-07,12801785,166177,1.298076792
India,2021-06-21,29935221,388135,1.296583045
India,2021-06-20,29881965,386713,1.294135108
India,2022-01-18,37618271,486761,1.293948358
India,2021-06-19,29823546,385137,1.291385672
India,2021-04-08,12928574,166862,1.290645047
India,2021-06-18,29762793,383490,1.288487945
India,2021-06-17,29700313,381903,1.285855136
India,2022-01-19,37901241,487202,1.285451313
India,2021-04-09,13060542,167642,1.283576133
India,2021-06-16,29633105,379573,1.280908632
India,2022-01-20,38218773,487693,1.276056141
India,2021-04-10,13205926,168436,1.2754577
India,2021-06-15,29570881,377031,1.275007667
India,2021-06-14,29510410,374305,1.26838292
India,2021-04-11,13358805,169275,1.267141784
India,2022-01-21,38566027,488396,1.266389198
India,2021-06-13,29439989,370384,1.258098296
India,2021-04-12,13527717,170179,1.258002367
India,2022-01-22,38903731,488884,1.25665068
India,2021-06-12,29359155,367081,1.25031187
India,2021-04-13,13689453,171058,1.249560519
India,2022-01-23,39237264,489409,1.247306642
India,2021-04-14,13873825,172085,1.240357292
India,2021-06-11,29274823,363079,1.240243195
India,2022-01-24,39543328,489848,1.238762706
India,2020-03-13,81,1,1.234567901
India,2021-06-10,29183121,359676,1.232479556
India,2022-01-25,39799202,490462,1.232341292
India,2021-04-15,14074564,173123,1.230041655
India,2022-01-26,40085116,491127,1.225210375
India,2021-04-16,14291917,174308,1.21962645
India,2022-01-27,40371500,491700,1.217938397
India,2022-04-30,43075864,523803,1.216001146
India,2022-05-01,43079188,523843,1.216000172
India,2022-04-29,43072176,523753,1.215989181
India,2022-05-02,43082345,523869,1.215971415
India,2022-05-05,43091393,523975,1.215962083
India,2022-04-26,43062569,523622,1.215956252
India,2022-04-27,43065496,523654,1.215947913
India,2022-05-03,43084913,523889,1.215945359
India,2022-04-28,43068799,523693,1.215945214
India,2022-05-04,43088118,523920,1.215926859
India,2022-05-06,43094938,524002,1.21592471
India,2022-05-07,43098743,524024,1.215868407
India,2022-05-08,43102194,524064,1.215863861
India,2022-05-11,43110586,524157,1.215842902
India,2022-05-09,43105401,524093,1.215840679
India,2022-05-12,43113413,524181,1.215818845
India,2022-05-10,43107689,524103,1.215799344
India,2022-05-24,43140068,524490,1.215783897
India,2022-05-25,43142192,524507,1.215763446
India,2022-05-13,43116254,524190,1.215759607
India,2022-05-23,43138393,524459,1.215759243
India,2022-05-26,43144820,524525,1.215731112
India,2022-05-22,43136371,524413,1.215709592
India,2022-05-14,43119112,524201,1.215704535
India,2022-05-18,43127199,524293,1.215689894
India,2022-05-28,43150215,524572,1.215688033
India,2022-05-27,43147530,524539,1.215687202
India,2022-05-16,43123801,524241,1.215665103
India,2022-05-17,43125370,524260,1.215664932
India,2022-05-15,43121599,524214,1.215664568
India,2022-05-19,43129563,524303,1.215646446
India,2022-05-29,43153043,524586,1.215640807
India,2022-05-20,43131822,524323,1.215629147
India,2022-05-30,43155749,524611,1.215622512
India,2022-05-21,43134145,524348,1.215621638
India,2022-05-31,43158087,524630,1.215600682
India,2022-06-01,43160832,524636,1.215537272
India,2022-06-02,43164544,524641,1.215444324
India,2022-06-03,43168585,524651,1.215353712
India,2021-06-09,29089069,353528,1.215329373
India,2022-06-04,43172547,524677,1.2153024
India,2022-06-05,43176817,524692,1.215216953
India,2022-06-06,43181335,524701,1.215110649
India,2022-06-07,43185049,524708,1.215022356
India,2022-06-08,43190282,524715,1.21489135
India,2022-06-09,43197522,524723,1.214706251
India,2022-06-10,43205106,524747,1.214548577
India,2022-06-11,43213435,524757,1.214337624
India,2022-06-12,43222017,524761,1.214105765
India,2022-06-13,43230101,524771,1.21390186
India,2022-06-14,43236695,524777,1.213730605
India,2022-06-15,43245517,524792,1.213517692
India,2022-06-16,43257730,524803,1.213200508
India,2022-06-17,43270577,524817,1.212872664
India,2022-04-24,43057545,522193,1.212779317
India,2022-04-25,43060086,522223,1.21277742
India,2022-04-23,43054952,522149,1.212750162
India,2022-04-22,43052425,522116,1.212744694
India,2022-04-21,43049974,522062,1.212688305
India,2022-04-20,43047594,522006,1.212625263
India,2022-04-18,43044280,521965,1.212623373
India,2022-04-19,43045527,521966,1.212590567
India,2022-06-18,43283793,524840,1.212555471
India,2022-04-13,43038016,521736,1.212267777
India,2022-04-14,43039023,521737,1.212241737
India,2022-04-12,43036928,521710,1.212238011
India,2022-04-15,43039972,521743,1.212228948
India,2022-06-19,43296692,524855,1.21222887
India,2022-04-10,43035271,521685,1.212226594
India,2022-04-11,43036132,521691,1.212216284
India,2022-04-16,43040947,521747,1.212210782
India,2022-04-09,43034217,521656,1.212188896
India,2022-04-17,43042097,521751,1.212187687
India,2022-04-08,43033067,521573,1.212028415
India,2022-04-07,43031958,521530,1.211959725
India,2022-01-28,40622709,492327,1.211950193
India,2022-06-20,43309473,524873,1.211912692
India,2022-04-06,43030925,521487,1.211888892
India,2022-04-05,43029839,521416,1.211754476
India,2022-06-21,43319396,524890,1.211674327
India,2022-04-04,43029044,521358,1.211642071
India,2022-04-03,43028131,521345,1.211637568
India,2021-06-08,28996473,351309,1.211557695
India,2022-04-02,43027035,521264,1.211480178
India,2022-06-22,43331645,524903,1.211361812
India,2022-04-01,43025775,521181,1.211322748
India,2022-03-31,43024440,521129,1.211239472
India,2022-03-30,43023215,521101,1.211208879
India,2022-03-29,43021982,521070,1.211171536
India,2022-03-28,43020723,521035,1.211125624
India,2022-03-27,43019453,521004,1.211089318
India,2022-06-23,43344958,524941,1.211077422
India,2022-03-26,43018032,520855,1.210782957
India,2022-06-24,43362294,524954,1.21062322
India,2022-06-25,43378234,524974,1.210224464
India,2022-06-26,43389973,524999,1.209954659
India,2022-06-27,43407046,525020,1.209527135
India,2022-06-28,43418839,525047,1.2092608
India,2021-04-17,14526609,175649,1.209153492
India,2022-06-29,43433345,525077,1.208925999
India,2022-06-30,43452164,525116,1.208492171
India,2022-07-01,43469234,525139,1.208070517
India,2021-06-07,28909975,349186,1.207839163
India,2022-07-02,43486326,525168,1.207662381
India,2022-07-03,43502429,525199,1.207286609
India,2022-01-29,40858241,493198,1.207095528
India,2022-07-04,43518564,525223,1.206894143
India,2022-07-05,43531650,525242,1.206574986
India,2022-07-06,43547809,525270,1.206191568
India,2022-07-07,43566739,525305,1.205747807
India,2022-07-08,43585554,525343,1.205314495
India,2022-07-09,43604394,525386,1.204892333
India,2022-07-10,43622651,525428,1.20448434
India,2022-07-11,43639329,525454,1.204083592
India,2022-07-12,43652944,525474,1.203753864
India,2021-06-06,28809339,346759,1.203634002
India,2022-07-13,43669850,525519,1.203390898
India,2022-07-14,43689989,525557,1.202923169
India,2022-07-15,43710027,525604,1.202479239
India,2022-01-30,41092522,494091,1.202386653
India,2022-07-16,43730071,525660,1.202056132
India,2022-07-17,43750599,525709,1.20160412
India,2022-03-25,43016372,516755,1.201298427
India,2022-07-18,43767534,525760,1.201255707
India,2022-03-24,43014687,516672,1.201152527
India,2022-03-23,43012749,516605,1.201050879
India,2022-03-22,43010971,516543,1.200956379
India,2022-03-21,43009390,516510,1.200923798
India,2022-03-20,43007841,516479,1.200894972
India,2022-07-19,43783062,525785,1.200886772
India,2022-03-19,43006080,516352,1.200648838
India,2022-03-18,43004005,516281,1.20054167
India,2022-07-20,43803619,525825,1.200414514
India,2022-03-17,43001477,516132,1.200265749
India,2022-03-16,42998938,516072,1.200197084
India,2022-03-15,42996062,515974,1.200049437
India,2022-07-21,43825185,525870,1.199926481
India,2022-03-13,42990991,515850,1.199902556
India,2022-03-14,42993494,515877,1.1998955
India,2022-03-12,42987875,515803,1.199880199
India,2022-03-11,42984261,515714,1.199774029
India,2022-07-22,43847065,525930,1.199464548
India,2022-03-10,42980067,515459,1.199297805
India,2022-03-09,42975883,515355,1.199172568
India,2021-06-05,28694879,344082,1.199105945
India,2022-07-23,43868476,525997,1.199031851
India,2022-03-08,42971308,515210,1.198962806
India,2022-03-07,42967315,515102,1.198822873
India,2022-03-06,42962953,515036,1.198790968
India,2022-01-31,41302440,495050,1.198597468
India,2022-03-05,42957477,514878,1.198575978
India,2022-07-24,43888755,526033,1.198559859
India,2022-07-25,43905621,526074,1.198192824
India,2022-03-04,42951556,514589,1.198068354
India,2021-04-18,14788109,177150,1.197921925
India,2022-07-26,43920451,526110,1.197870213
India,2022-03-03,42945160,514388,1.197778749
India,2022-03-02,42938599,514246,1.197631064
India,2022-07-27,43938764,526167,1.197500685
India,2022-03-01,42931045,514023,1.197322357
India,2022-02-28,42924130,513843,1.197095899
India,2022-07-28,43959321,526212,1.197043057
India,2022-02-27,42916117,513724,1.197042128
India,2022-02-26,42905844,513481,1.19676238
India,2022-02-01,41469499,496242,1.196643345
India,2022-07-29,43979730,526258,1.196592157
India,2022-02-25,42894345,513226,1.196488721
India,2022-02-02,41630885,497975,1.196167221
India,2022-07-30,44000138,526312,1.196159885
India,2022-02-24,42881179,512924,1.196151813
India,2022-02-23,42867031,512622,1.195842091
India,2022-07-31,44019811,526357,1.195727533
India,2022-02-22,42851929,512344,1.195614788
India,2022-02-21,42838524,512109,1.195440347
India,2022-02-20,42822473,511903,1.195407374
India,2022-08-01,44036275,526396,1.195369045
India,2022-08-02,44050009,526430,1.195073536
India,2022-08-03,44067144,526477,1.194715501
India,2022-02-19,42802505,511230,1.194392711
India,2022-08-04,44087037,526530,1.194296636
India,2022-02-18,42780235,510905,1.194254777
India,2022-08-05,44107588,526600,1.193898882
India,2022-02-17,42754315,510413,1.193828038
India,2022-02-03,41803318,498983,1.193644485
India,2022-08-06,44126994,526649,1.193484877
India,2022-02-16,42723558,509872,1.193421203
India,2022-02-13,42631421,508665,1.193169235
India,2022-02-15,42692943,509358,1.193073057
India,2022-08-07,44145732,526689,1.193068902
India,2022-02-14,42665534,509011,1.193026202
India,2022-02-12,42586544,507981,1.192820436
India,2022-08-08,44161899,526730,1.192724978
India,2022-08-09,44174650,526772,1.192475775
India,2022-02-10,42478060,506520,1.192427338
India,2022-02-11,42536137,507177,1.192343818
India,2021-06-04,28574350,340702,1.192335084
India,2022-08-10,44190697,526826,1.192164948
India,2022-02-04,41952712,500055,1.191949164
India,2022-08-11,44206996,526879,1.191845291
India,2022-08-12,44223557,526928,1.191509765
India,2022-02-09,42410976,505279,1.191387343
India,2022-08-13,44239372,526996,1.191237525
India,2022-08-14,44253464,527037,1.190950837
India,2022-02-05,42080664,501114,1.190841475
India,2022-08-15,44268381,527069,1.190621812
India,2022-02-08,42339611,504062,1.190521094
India,2022-08-16,44277194,527098,1.190450325
India,2022-08-17,44286256,527134,1.190288021
India,2022-08-18,44298864,527206,1.190111783
India,2022-02-06,42188138,501979,1.189858154
India,2022-08-19,44314618,527253,1.189794754
India,2022-02-07,42272014,502874,1.189614481
India,2022-08-20,44327890,527289,1.189519736
India,2022-08-21,44339429,527332,1.189307151
India,2022-08-22,44348960,527368,1.189132733
India,2022-08-23,44357546,527416,1.189010772
India,2022-08-24,44368195,527452,1.188806531
India,2022-08-25,44378920,527488,1.188600354
India,2022-08-26,44389176,527556,1.188478921
India,2022-08-28,44408132,527754,1.188417473
India,2021-06-03,28441986,337989,1.188345286
India,2022-08-27,44398696,527597,1.188316432
India,2022-08-29,44415723,527799,1.188315678
India,2022-08-30,44421162,527829,1.188237714
India,2022-08-31,44428393,527874,1.188145608
India,2022-09-01,44436339,527911,1.188016412
India,2022-09-02,44442507,527932,1.187898783
India,2022-11-02,44655828,530452,1.187867348
India,2022-11-04,44658365,530479,1.187860326
India,2022-11-03,44657149,530461,1.187852364
India,2022-11-06,44660579,530500,1.18784846
India,2022-11-05,44659447,530486,1.187847221
India,2022-12-23,44676678,530690,1.187845703
India,2022-11-07,44661516,530509,1.187843691
India,2022-12-24,44676879,530691,1.187842598
India,2022-12-25,44677106,530693,1.187841039
India,2022-12-26,44677302,530695,1.187840304
India,2022-12-27,44677459,530696,1.187838368
India,2022-12-28,44677647,530696,1.18783337
India,2022-12-21,44676330,530680,1.187832573
India,2022-12-29,44677915,530698,1.187830721
India,2022-12-22,44676515,530681,1.187829892
India,2022-12-20,44676199,530677,1.187829341
India,2022-12-31,44678384,530702,1.187827205
India,2022-11-08,44662141,530509,1.187827068
India,2023-01-01,44678649,530705,1.187826875
India,2023-01-02,44678822,530707,1.187826752
India,2023-01-08,44679924,530720,1.18782655
India,2022-12-30,44678158,530699,1.187826499
India,2023-01-07,44679761,530718,1.187826408
India,2022-12-19,44676087,530674,1.187825603
India,2022-12-18,44675952,530672,1.187824716
India,2023-01-09,44680094,530721,1.187824269
India,2022-12-11,44674822,530658,1.187823423
India,2023-01-10,44680215,530722,1.18782329
India,2023-01-03,44678956,530707,1.187823189
India,2023-01-06,44679547,530714,1.187823144
India,2022-12-09,44674439,530653,1.187822415
India,2023-01-05,44679319,530710,1.187820253
India,2022-12-12,44674981,530658,1.187819196
India,2022-12-10,44674649,530654,1.187819069
India,2023-01-11,44680386,530722,1.187818744
India,2023-01-04,44679131,530707,1.187818537
India,2022-12-17,44675776,530667,1.187818204
India,2022-12-15,44675447,530663,1.187817998
India,2022-12-13,44675095,530658,1.187816165
India,2023-01-12,44680583,530723,1.187815745
India,2022-12-08,44674190,530647,1.187815604
India,2023-01-13,44680757,530725,1.187815596
India,2022-12-16,44675609,530663,1.18781369
India,2023-01-14,44680936,530726,1.187813075
India,2022-12-14,44675247,530658,1.187812123
India,2022-11-24,44670483,530601,1.1878112
India,2022-11-23,44670075,530596,1.187810855
India,2023-01-15,44681040,530726,1.187810311
India,2022-11-09,44662952,530511,1.187809977
India,2022-11-22,44669715,530591,1.187809235
India,2022-11-25,44670830,530604,1.187808689
India,2022-11-26,44671219,530608,1.187807299
India,2023-01-16,44681154,530726,1.18780728
India,2022-11-27,44671562,530612,1.187807133
India,2023-01-24,44682104,530737,1.187806644
India,2023-01-18,44681371,530728,1.187805987
India,2022-11-21,44669421,530586,1.187805859
India,2023-01-17,44681233,530726,1.18780518
India,2023-01-23,44682015,530735,1.187804534
India,2022-11-30,44672347,530620,1.187804169
India,2023-01-25,44682206,530737,1.187803933
India,2022-11-28,44671853,530614,1.187803873
India,2023-01-26,44682338,530738,1.187802662
India,2023-01-22,44681921,530733,1.187802557
India,2023-01-19,44681505,530728,1.187802425
India,2023-01-27,44682437,530739,1.187802268
India,2022-12-07,44673949,530638,1.187801866
India,2022-12-01,44672638,530622,1.187800908
India,2022-11-29,44672068,530615,1.187800395
India,2023-01-28,44682530,530739,1.187799796
India,2023-01-21,44681781,530730,1.187799564
India,2023-01-29,44682639,530740,1.187799136
India,2023-01-20,44681650,530728,1.187798571
India,2022-12-02,44672913,530624,1.187798074
India,2022-12-03,44673166,530627,1.187798062
India,2023-01-30,44682719,530740,1.187797009
India,2023-01-31,44682784,530740,1.187795282
India,2022-12-06,44673783,530633,1.187795088
India,2022-12-04,44673392,530628,1.187794292
India,2022-11-19,44668523,530570,1.187793919
India,2022-12-05,44673618,530630,1.187792759
India,2023-02-01,44682895,530740,1.187792331
India,2023-02-02,44683023,530741,1.187791166
India,2023-02-05,44683363,530745,1.18779108
India,2022-11-20,44669015,530574,1.187789791
India,2022-11-10,44663968,530514,1.187789674
India,2023-02-10,44683862,530750,1.187789005
India,2023-02-15,44684376,530756,1.18778877
India,2023-02-06,44683454,530745,1.187788661
India,2023-02-03,44683122,530741,1.187788535
India,2023-02-16,44684502,530757,1.187787658
India,2023-02-09,44683748,530748,1.18778756
India,2023-02-07,44683543,530745,1.187786295
India,2023-02-08,44683639,530746,1.187785981
India,2023-02-11,44683994,530750,1.187785497
India,2023-02-04,44683250,530741,1.187785132
India,2023-02-14,44684274,530753,1.187784767
India,2023-02-17,44684658,530757,1.187783512
India,2023-02-19,44684917,530760,1.187783341
India,2023-02-20,44685037,530761,1.187782389
India,2023-02-12,44684118,530750,1.1877822
India,2022-11-11,44664810,530520,1.187780716
India,2023-02-18,44684775,530757,1.187780402
India,2023-02-13,44684197,530750,1.1877801
India,2023-02-21,44685132,530761,1.187779864
India,2023-02-22,44685257,530762,1.187778779
India,2022-11-12,44665643,530528,1.187776475
India,2023-02-23,44685450,530763,1.187775887
India,2023-02-26,44686017,530769,1.187774243
India,2023-02-24,44685619,530764,1.187773632
India,2022-11-15,44666175,530533,1.187773522
India,2022-11-17,44667311,530546,1.187772418
India,2023-02-27,44686202,530770,1.187771563
India,2022-11-18,44667967,530553,1.187770646
India,2023-02-28,44686371,530771,1.187769309
India,2023-02-25,44685799,530764,1.187768848
India,2023-03-01,44686611,530772,1.187765168
India,2022-11-16,44666676,530535,1.187764677
India,2022-11-13,44666377,530531,1.187763673
India,2022-09-03,44449718,527957,1.187762316
India,2023-03-02,44686879,530772,1.187758044
India,2022-11-14,44666924,530532,1.187751366
India,2023-03-03,44687162,530772,1.187750522
India,2023-03-04,44687496,530775,1.187748358
India,2023-03-05,44687820,530775,1.187739747
India,2023-03-06,44688101,530775,1.187732278
India,2023-03-07,44688367,530775,1.187725208
India,2023-03-08,44688693,530775,1.187716544
India,2023-03-09,44689072,530776,1.187708709
India,2023-03-10,44689512,530779,1.187703728
India,2023-03-11,44689968,530780,1.187693847
India,2023-03-12,44690492,530781,1.187682158
India,2023-03-13,44690936,530782,1.187672597
India,2023-03-14,44691338,530784,1.187666389
India,2023-03-15,44691956,530789,1.187661153
India,2022-09-04,44456535,527991,1.187656663
India,2023-03-16,44692710,530790,1.187643354
India,2023-03-17,44693506,530795,1.187633389
India,2023-03-18,44694349,530799,1.187619938
India,2023-03-19,44695420,530802,1.187598192
India,2023-03-20,44696338,530806,1.18758275
India,2023-03-21,44696984,530808,1.187570061
India,2023-03-22,44698118,530813,1.187551118
India,2022-09-05,44462445,528007,1.187534784
India,2023-03-23,44699418,530816,1.187523292
India,2023-03-24,44700667,530818,1.187494585
India,2022-09-06,44466862,528030,1.187468547
India,2023-03-25,44702257,530824,1.187465769
India,2023-03-26,44704147,530831,1.187431224
India,2023-03-27,44705952,530837,1.187396703
India,2022-09-07,44472241,528057,1.187385632
India,2023-03-28,44707525,530841,1.187363872
India,2023-03-29,44709676,530848,1.187322404
India,2022-09-08,44478636,528090,1.187289107
India,2023-03-30,44712692,530862,1.187273627
India,2023-03-31,44715786,530867,1.187202658
India,2022-09-09,44484729,528121,1.187196172
India,2023-04-01,44718781,530876,1.187143272
India,2022-09-10,44490283,528139,1.187088426
India,2023-04-02,44722605,530881,1.187052946
India,2023-04-03,44726246,530892,1.186980906
India,2022-09-11,44495359,528150,1.186977725
India,2023-04-04,44729284,530901,1.186920408
India,2021-04-19,15061919,178769,1.186893914
India,2022-09-12,44500580,528165,1.186872171
India,2023-04-05,44733719,530916,1.186836266
India,2022-09-13,44504949,528185,1.186800596
India,2022-09-14,44510057,528216,1.186734045
India,2023-04-06,44739054,530929,1.186723796
India,2022-09-15,44516479,528250,1.186639222
India,2023-04-07,44745104,530943,1.186594627
India,2022-09-16,44522777,528273,1.186523024
India,2023-04-08,44751259,530954,1.186456006
India,2022-09-17,44528524,528302,1.186435014
India,2022-09-18,44534188,528337,1.186362711
India,2023-04-09,44756616,530965,1.186338574
India,2022-09-19,44539046,528355,1.186273725
India,2023-04-10,44762496,530979,1.186214013
India,2022-09-20,44543089,528370,1.186199727
India,2022-09-21,44547599,528403,1.186153714
India,2023-04-11,44768172,531000,1.186110525
India,2022-09-22,44553042,528429,1.18606716
India,2022-09-23,44558425,528449,1.185968759
India,2023-04-12,44776002,531016,1.185938843
India,2022-09-24,44563337,528487,1.185923307
India,2022-09-25,44568114,528510,1.185847801
India,2022-09-26,44572243,528530,1.18578282
India,2022-09-27,44575473,528562,1.185768685
India,2022-09-28,44579088,528584,1.185721879
India,2023-04-13,44786160,531035,1.185712283
India,2022-09-29,44583360,528611,1.185668824
India,2022-09-30,44587307,528629,1.185604235
India,2022-10-01,44591112,528655,1.185561374
India,2022-10-02,44594487,528673,1.185512012
India,2022-10-03,44597498,528701,1.185494756
India,2023-04-14,44797269,531064,1.185482981
India,2022-10-04,44599466,528716,1.185476077
India,2022-10-05,44601934,528733,1.185448595
India,2022-10-06,44604463,528745,1.185408285
India,2022-10-07,44606460,528754,1.185375392
India,2022-10-08,44609257,528778,1.185354869
India,2022-10-09,44612013,528799,1.185328714
India,2022-10-10,44614437,528814,1.185297934
India,2022-10-11,44616394,528822,1.185263874
India,2023-04-15,44808022,531091,1.185258747
India,2022-10-12,44618533,528835,1.185236189
India,2022-10-13,44621319,528847,1.18518908
India,2022-10-14,44623997,528857,1.185140363
India,2022-10-15,44626427,528874,1.185113924
India,2022-10-16,44628828,528895,1.18509722
India,2022-10-17,44630888,528905,1.185064926
India,2023-04-16,44818115,531114,1.185043146
India,2022-10-18,44632430,528913,1.185041908
India,2022-10-19,44634376,528923,1.185012646
India,2022-10-20,44636517,528943,1.185000613
India,2022-10-21,44638636,528953,1.184966763
India,2022-10-22,44640748,528957,1.184919661
India,2022-10-24,44644076,528977,1.18487613
India,2022-10-23,44642742,528961,1.184875696
India,2023-04-17,44827226,531141,1.184862521
India,2022-10-25,44644938,528980,1.184859972
India,2022-10-26,44645768,528981,1.184840185
India,2022-10-27,44646880,528987,1.184824113
India,2022-11-01,44654638,529077,1.184819816
India,2022-10-28,44649088,528999,1.184792397
India,2022-10-29,44650662,529008,1.184770788
India,2022-10-30,44652266,529016,1.184746145
India,2022-10-31,44653592,529024,1.184728879
India,2023-04-18,44834859,531152,1.184685336
India,2023-04-19,44845401,531190,1.184491583
India,2023-04-20,44857992,531230,1.184248283
India,2023-04-21,44869684,531258,1.184002098
India,2021-06-02,28307832,335102,1.183778397
India,2023-04-22,44881877,531300,1.183774021
India,2023-04-23,44891989,531329,1.183571973
India,2023-04-24,44898893,531345,1.183425614
India,2023-04-25,44905827,531369,1.183296324
India,2023-04-26,44915456,531398,1.183107214
India,2023-04-27,44924811,531424,1.182918722
India,2023-04-28,44932344,531468,1.182818328
India,2023-04-29,44939515,531508,1.182718594
India,2023-04-30,44945389,531533,1.182619645
India,2023-05-01,44949671,531547,1.182538132
India,2023-05-02,44952996,531564,1.182488482
India,2023-05-03,44956716,531584,1.182435123
India,2023-05-04,44960678,531606,1.182379856
India,2023-05-05,44964289,531642,1.182364965
India,2023-09-02,44997266,532023,1.182345167
India,2023-09-03,44997326,532023,1.182343591
India,2023-09-10,44997710,532027,1.18234239
India,2023-09-04,44997372,532023,1.182342382
India,2023-09-06,44997466,532024,1.182342135
India,2023-09-05,44997400,532023,1.182341646
India,2023-09-11,44997780,532027,1.182340551
India,2023-09-07,44997537,532024,1.182340269
India,2023-09-14,44997975,532029,1.182339872
India,2023-09-09,44997642,532025,1.182339732
India,2023-09-12,44997820,532027,1.1823395
India,2023-09-13,44997917,532028,1.182339174
India,2023-09-08,44997583,532024,1.18233906
India,2023-09-15,44998035,532029,1.182338295
India,2023-09-17,44998162,532030,1.182337181
India,2023-09-16,44998107,532029,1.182336404
India,2023-09-20,44998294,532031,1.182335935
India,2023-09-18,44998217,532030,1.182335736
India,2023-09-19,44998243,532030,1.182335053
India,2023-09-21,44998338,532031,1.182334779
India,2023-09-22,44998393,532031,1.182333334
India,2023-09-23,44998463,532031,1.182331494
India,2023-09-24,44998525,532031,1.182329865
India,2023-09-25,44998565,532031,1.182328814
India,2023-09-26,44998603,532031,1.182327816
India,2023-09-27,44998650,532031,1.182326581
India,2023-10-04,44998954,532034,1.18232526
India,2023-09-28,44998701,532031,1.182325241
India,2023-05-06,44967250,531659,1.182324914
India,2023-09-29,44998741,532031,1.18232419
India,2023-10-01,44998838,532032,1.182323864
India,2023-09-30,44998782,532031,1.182323113
India,2023-10-02,44998874,532032,1.182322918
India,2023-10-03,44998916,532032,1.182321814
India,2023-10-05,44999204,532034,1.182318692
India,2023-10-06,44999243,532034,1.182317667
India,2023-10-13,44999510,532037,1.182317319
India,2023-10-07,44999285,532034,1.182316563
India,2023-10-14,44999561,532037,1.182315979
India,2023-10-10,44999392,532035,1.182315974
India,2023-10-08,44999328,532034,1.182315434
India,2023-10-15,44999588,532037,1.182315269
India,2023-10-16,44999588,532037,1.182315269
India,2023-10-17,44999588,532037,1.182315269
India,2023-10-18,44999588,532037,1.182315269
India,2023-10-11,44999438,532035,1.182314766
India,2023-10-09,44999366,532034,1.182314435
India,2023-10-12,44999473,532035,1.182313846
India,2023-05-07,44969630,531680,1.182309038
India,2023-05-08,44971469,531692,1.182287374
India,2023-05-09,44972800,531707,1.182285737
India,2023-05-10,44974909,531722,1.182263648
India,2023-05-11,44976599,531736,1.182250352
India,2023-05-12,44978179,531753,1.182246618
India,2023-05-13,44979402,531767,1.182245598
India,2023-05-18,44984058,531814,1.182227713
India,2023-05-16,44982131,531790,1.182225004
India,2023-05-14,44980674,531770,1.182218835
India,2023-05-15,44981475,531778,1.182215568
India,2023-05-19,44984923,531818,1.182213872
India,2023-05-22,44986934,531839,1.182207705
India,2023-05-17,44983152,531794,1.182207063
India,2023-05-20,44985705,531824,1.182206659
India,2023-05-23,44987339,531843,1.182205954
India,2023-05-24,44987891,531849,1.182204785
India,2023-05-21,44986461,531832,1.182204575
India,2023-05-25,44988426,531854,1.18220184
India,2023-05-26,44988916,531856,1.18219341
India,2023-05-28,44989744,531864,1.182189434
India,2023-05-27,44989341,531859,1.18218891
India,2023-05-29,44990054,531866,1.182185734
India,2023-05-30,44990278,531867,1.182182071
India,2023-05-31,44990588,531870,1.182180593
India,2023-06-06,44991880,531884,1.182177762
India,2023-06-03,44991380,531878,1.182177564
India,2023-06-01,44990876,531872,1.182177471
India,2023-06-04,44991582,531880,1.182176701
India,2023-06-05,44991756,531882,1.182176575
India,2023-06-02,44991143,531874,1.182174901
India,2023-06-07,44992094,531884,1.182172139
India,2023-07-09,44994575,531913,1.182171406
India,2023-06-09,44992462,531888,1.18217136
India,2023-06-08,44992293,531886,1.182171355
India,2023-07-07,44994494,531912,1.182171312
India,2023-07-10,44994599,531913,1.182170776
India,2023-07-11,44994619,531913,1.18217025
India,2023-07-08,44994543,531912,1.182170024
India,2023-06-11,44992788,531891,1.182169462
India,2023-07-05,44994407,531910,1.182169153
India,2023-07-12,44994665,531913,1.182169042
India,2023-07-14,44994765,531914,1.182168637
India,2023-07-06,44994449,531910,1.182168049
India,2023-07-16,44994878,531915,1.18216789
India,2023-07-13,44994713,531913,1.18216778
India,2023-06-24,44993872,531903,1.182167652
India,2023-07-15,44994819,531914,1.182167218
India,2023-06-13,44992960,531892,1.182167166
India,2023-06-12,44992880,531891,1.182167045
India,2023-06-23,44993817,531902,1.182166874
India,2023-07-03,44994325,531908,1.182166862
India,2023-07-17,44994921,531915,1.182166761
India,2023-06-10,44992648,531888,1.182166473
India,2023-06-28,44994097,531905,1.182166185
India,2023-07-04,44994351,531908,1.182166179
India,2023-07-18,44994955,531915,1.182165867
India,2023-07-02,44994281,531907,1.182165796
India,2023-06-25,44993952,531903,1.18216555
India,2023-07-01,44994228,531906,1.182164966
India,2023-06-29,44994144,531905,1.18216495
India,2023-07-19,44995004,531915,1.18216458
India,2023-06-26,44993999,531903,1.182164315
India,2023-06-14,44993080,531892,1.182164013
India,2023-06-30,44994188,531905,1.182163794
India,2023-06-22,44993766,531900,1.182163769
India,2023-06-15,44993186,531893,1.18216345
India,2023-06-27,44994032,531903,1.182163448
India,2023-07-20,44995055,531915,1.18216324
India,2023-06-20,44993579,531897,1.182162015
India,2023-06-21,44993671,531898,1.18216182
India,2023-06-16,44993282,531893,1.182160928
India,2023-06-19,44993543,531896,1.182160738
India,2023-07-21,44995164,531915,1.182160376
India,2023-06-18,44993480,531895,1.182160171
India,2023-07-22,44995224,531915,1.1821588
India,2023-06-17,44993390,531893,1.18215809
India,2023-07-23,44995264,531915,1.182157749
India,2023-07-24,44995311,531915,1.182156514
India,2023-07-25,44995332,531915,1.182155962
India,2023-07-26,44995392,531915,1.182154386
India,2023-07-27,44995434,531915,1.182153282
India,2023-07-31,44995629,531917,1.182152604
India,2023-07-28,44995486,531915,1.182151916
India,2023-08-01,44995665,531917,1.182151658
India,2023-07-30,44995588,531916,1.182151459
India,2023-07-29,44995536,531915,1.182150603
India,2023-08-03,44995802,531918,1.182150281
India,2023-08-02,44995725,531917,1.182150082
India,2023-08-04,44995856,531918,1.182148863
India,2023-08-17,44996426,531924,1.182147222
India,2023-08-05,44995933,531918,1.18214684
India,2023-08-19,44996548,531925,1.182146239
India,2023-08-18,44996476,531924,1.182145908
India,2023-08-21,44996653,531926,1.182145703
India,2023-08-06,44995980,531918,1.182145605
India,2023-08-10,44996151,531920,1.182145557
India,2023-08-15,44996335,531922,1.182145168
India,2023-08-22,44996676,531926,1.182145099
India,2023-08-20,44996599,531925,1.182144899
India,2023-08-13,44996274,531921,1.182144548
India,2023-08-11,44996198,531920,1.182144323
India,2023-08-07,44996034,531918,1.182144186
India,2023-08-16,44996393,531922,1.182143644
India,2023-08-23,44996732,531926,1.182143628
India,2023-08-08,44996059,531918,1.18214353
India,2023-08-14,44996313,531921,1.182143524
India,2023-08-12,44996236,531920,1.182143324
India,2023-08-26,44996919,531928,1.18214316
India,2023-08-25,44996859,531927,1.182142514
India,2023-08-28,44997033,531929,1.182142387
India,2023-08-24,44996786,531926,1.182142209
India,2023-08-09,44996112,531918,1.182142137
India,2023-08-27,44996963,531928,1.182142004
India,2023-08-29,44997056,531929,1.182141783
India,2023-08-31,44997167,531930,1.182141089
India,2023-08-30,44997117,531929,1.18214018
India,2023-09-01,44997216,531930,1.182139802
India,2021-04-20,15321089,180530,1.178310497
India,2021-06-01,28175044,331895,1.17797509
India,2021-05-31,28047534,329100,1.173365188
India,2021-04-21,15616130,182553,1.16900282
India,2021-05-30,27894800,325972,1.168576222
India,2021-05-29,27729247,322512,1.163075218
India,2021-04-22,15930965,184657,1.159107436
India,2021-05-28,27555457,318895,1.157284381
India,2021-05-27,27369093,315235,1.151791914
India,2021-04-23,16263695,186920,1.149308321
India,2021-05-26,27157795,311388,1.146587932
India,2021-04-24,16610481,189544,1.141110844
India,2021-05-25,26948874,307231,1.140051343
India,2021-05-24,26752447,303720,1.135298016
India,2021-04-25,16960172,192311,1.133897699
India,2021-05-23,26530132,299266,1.128023034
India,2021-04-26,17313163,195123,1.127021099
India,2021-05-22,26289290,295525,1.124126973
India,2021-04-27,17636307,197894,1.122082985
India,2021-05-21,26031991,291331,1.119126847
India,2021-04-28,17997267,201187,1.117875286
India,2021-04-29,18376524,204832,1.114639526
India,2021-05-20,25772440,287122,1.114066033
India,2021-05-19,25496330,283248,1.110936358
India,2021-04-30,18762976,208330,1.110324929
India,2021-05-01,19164969,211853,1.105417911
India,2021-05-18,25228996,278719,1.104756606
India,2021-05-02,19557457,215542,1.102096249
India,2021-05-17,24965463,274390,1.099078355
India,2021-05-03,19925604,218959,1.098882624
India,2021-05-04,20282833,222408,1.096533211
India,2021-05-16,24684077,270284,1.094973087
India,2021-05-05,20665148,226188,1.094538495
India,2021-05-15,24372907,266207,1.092225068
India,2021-05-06,21077410,230168,1.092012728
India,2021-05-14,24046809,262317,1.090859914
India,2021-05-13,23703665,258317,1.089776623
India,2021-05-07,21491598,234083,1.089183782
India,2021-05-12,23340938,254197,1.089060774
India,2021-05-08,21892676,238270,1.088354845
India,2021-05-11,22992517,249992,1.087275482
India,2021-05-09,22296414,242362,1.086999909
India,2021-05-10,22662575,246116,1.086001922
India,2020-01-30,1,0,0
India,2020-01-31,5,0,0
India,2020-02-01,5,0,0
India,2020-02-02,2,0,0
India,2020-02-03,3,0,0
India,2020-02-04,7,0,0
India,2020-02-05,7,0,0
India,2020-02-06,7,0,0
India,2020-02-07,7,0,0
India,2020-02-08,7,0,0
India,2020-02-09,7,0,0
India,2020-02-10,7,0,0
India,2020-02-11,7,0,0
India,2020-02-12,7,0,0
India,2020-02-13,7,0,0
India,2020-02-14,7,0,0
India,2020-02-15,7,0,0
India,2020-02-16,7,0,0
India,2020-02-17,7,0,0
India,2020-02-18,7,0,0
India,2020-02-19,7,0,0
India,2020-02-20,7,0,0
India,2020-02-21,7,0,0
India,2020-02-22,7,0,0
India,2020-02-23,7,0,0
India,2020-02-24,7,0,0
India,2020-02-25,7,0,0
India,2020-02-26,7,0,0
India,2020-02-27,7,0,0
India,2020-02-28,7,0,0
India,2020-02-29,7,0,0
India,2020-03-01,7,0,0
India,2020-03-02,5,0,0
India,2020-03-03,9,0,0
India,2020-03-04,28,0,0
India,2020-03-05,29,0,0
India,2020-03-06,31,0,0
India,2020-03-07,34,0,0
India,2020-03-08,39,0,0
India,2020-03-09,44,0,0
India,2020-03-10,50,0,0
India,2020-03-11,60,0,0
India,2020-03-12,73,0,0
